customer_id,age,income,account_balance,loan_amount,repayment_history,num_transactions,default
1,56,1616,5981,1925,0.79,75,0
2,44,4066,8132,3150,0.55,99,1
3,34,3881,8338,2120,0.44,24,1
4,36,1404,5553,2447,0.31,10,1
5,25,2343,8744,2442,0.94,14,0
6,49,258,8821,2120,0.83,62,0
7,62,2988,3743,754,0.54,65,1
8,25,3816,1215,16,0.5,96,1
9,30,4462,8778,2641,0.54,98,1
10,49,4977,6294,608,0.4,31,1
11,57,2352,6081,378,0.31,31,1
12,36,1270,9775,718,0.53,42,1
13,31,4951,6385,2114,0.71,44,0
14,31,3179,2791,523,0.92,34,0
15,47,1409,7550,3854,0.47,99,1
16,24,1687,3589,4722,0.87,35,1
17,28,1449,2646,3948,0.85,100,1
18,47,3934,5963,3332,0.48,51,1
19,42,1688,4923,3393,0.48,57,1
20,54,526,2180,3695,0.71,86,1
21,37,260,6064,1243,0.31,8,1
22,29,4998,2050,1560,0.43,97,1
23,22,2799,7995,100,0.35,53,1
24,47,1613,8111,3228,0.49,84,1
25,44,3498,3639,4741,0.75,25,1
26,32,3443,3314,2655,0.35,12,1
27,20,2975,3770,1541,0.77,77,0
28,45,1974,4432,569,0.6,10,0
29,64,4660,8143,3491,0.44,44,1
30,58,3693,2650,4615,0.94,57,1
31,21,317,7587,3821,0.44,54,1
32,33,3284,5156,4410,0.56,43,1
33,35,566,2006,4962,0.83,72,1
34,36,1787,6393,483,0.41,96,1
35,55,4115,5765,2665,0.75,42,0
36,61,2349,1180,2279,0.47,90,1
37,25,4982,6595,3292,0.85,64,0
38,61,2448,8100,4062,0.82,86,0
39,42,1833,9507,1510,0.37,14,1
40,59,4482,6536,1899,0.77,60,0
41,21,1375,6697,4912,0.71,87,0
42,54,1174,7584,406,0.64,14,0
43,50,2924,306,2713,0.79,56,1
44,64,3746,9631,1782,0.36,74,1
45,48,2897,7884,2720,0.39,22,1
46,42,3439,91,107,0.84,11,1
47,64,4747,5037,4552,0.74,8,0
48,28,3143,9998,3022,0.77,49,0
49,21,1327,8382,4128,0.9,74,0
50,65,4697,3919,4983,0.51,96,1
51,34,1862,8465,2608,0.58,67,1
52,20,1845,2577,2443,0.4,28,1
53,36,1865,9637,1091,0.48,70,1
54,47,1063,7462,1132,0.32,36,1
55,48,3641,5785,1539,0.57,36,1
56,63,2850,596,2613,0.97,58,1
57,38,787,4891,4843,0.77,40,0
58,36,1612,4200,898,0.5,88,1
59,56,265,6437,1426,0.85,16,0
60,51,882,6889,4495,0.79,70,0
61,44,2829,7596,273,0.92,36,0
62,32,2960,1949,1527,0.8,41,0
63,63,2640,6134,1537,0.84,8,0
64,23,1532,7806,4794,0.96,73,0
65,57,2438,1318,2691,0.8,24,1
66,47,2596,8089,1001,0.43,10,1
67,57,4372,7264,2496,0.74,80,0
68,35,550,344,4833,0.62,59,1
69,46,3146,5317,3477,0.8,11,0
70,61,4447,2048,2581,0.67,87,1
71,28,3478,7468,2245,0.41,16,1
72,29,3411,4459,4380,0.35,44,1
73,30,259,6276,187,0.95,33,0
74,60,3066,316,2750,0.72,51,1
75,41,3562,2814,1869,0.7,87,0
76,40,2390,4059,608,0.39,75,1
77,48,354,8339,3216,0.76,6,0
78,52,2287,4644,96,0.62,73,0
79,58,2765,6254,4850,0.79,15,0
80,30,4965,403,2579,0.36,63,1
81,42,1280,882,2911,0.88,59,1
82,45,1732,3652,4932,0.91,68,1
83,46,995,8811,1396,0.44,41,1
84,46,980,5674,2811,0.54,56,1
85,20,700,2355,3842,0.81,66,1
86,56,2618,9843,533,0.57,36,1
87,27,1725,8336,1725,0.47,13,1
88,39,4364,5684,3310,0.55,93,1
89,33,1909,6395,1379,0.44,56,1
90,50,1596,1554,3875,0.52,23,1
91,45,1391,5642,1693,0.62,15,0
92,30,2371,2706,215,0.46,35,1
93,32,809,7720,915,0.87,19,0
94,33,4572,6902,4191,0.51,15,1
95,25,3633,5706,1708,0.92,89,0
96,57,2809,933,4872,0.54,6,1
97,45,2431,5331,2291,0.97,45,0
98,38,3456,3540,3924,0.49,79,1
99,48,521,2907,2209,0.41,65,1
100,35,4681,9286,779,0.94,7,0
101,34,4947,2342,2865,0.81,11,1
102,37,1320,6273,2894,0.56,100,1
103,35,4049,8902,3251,0.92,88,0
104,30,1242,594,451,0.98,99,0
105,63,4085,8552,3129,0.36,68,1
106,38,4372,1081,3699,0.84,8,1
107,18,1965,5170,142,0.75,29,0
108,40,3055,5014,818,0.34,47,1
109,24,1108,3328,833,0.31,11,1
110,21,2969,5650,2369,0.55,84,1
111,65,4918,4857,3373,0.87,83,0
112,36,3462,1262,2830,0.94,43,1
113,36,1460,3093,3409,0.82,31,1
114,44,4996,877,373,0.64,96,0
115,61,4458,2244,1735,0.75,99,0
116,44,3790,5278,3372,0.36,78,1
117,27,1903,2615,2371,0.41,36,1
118,34,4210,4332,1439,0.87,38,0
119,48,4337,8412,3489,0.78,26,0
120,48,1658,3623,1187,0.56,19,1
121,29,3218,1612,4760,0.8,53,1
122,27,589,8410,3719,0.91,12,0
123,37,3454,3420,1494,0.72,47,0
124,35,2969,1176,3611,0.74,14,1
125,29,4225,4566,394,0.72,79,0
126,36,3541,7535,2679,0.38,81,1
127,49,2702,5265,4068,0.86,17,0
128,41,1540,5831,1342,0.7,85,0
129,59,4037,3952,886,0.68,19,0
130,25,875,3640,705,0.54,50,1
131,29,2487,4076,2128,0.45,6,1
132,30,851,9951,1906,0.66,14,0
133,24,1483,2068,4949,0.43,55,1
134,65,4855,5894,3704,0.94,18,0
135,35,1678,2570,734,0.68,57,0
136,25,1859,9953,1579,0.56,47,1
137,29,1360,511,4847,0.79,6,1
138,55,2383,8532,3812,0.78,53,0
139,54,1939,3227,2652,0.4,94,1
140,47,3679,2963,566,0.31,34,1
141,21,1128,1882,916,0.97,28,0
142,63,1410,342,360,0.97,19,1
143,47,1733,6525,2597,0.6,5,0
144,39,3678,6468,503,0.55,20,1
145,25,3053,7870,4363,0.91,67,0
146,48,3481,5264,4726,0.85,32,0
147,41,340,5147,3546,0.43,79,1
148,61,2986,279,108,0.4,17,1
149,60,355,3487,3496,0.7,43,1
150,18,4844,1551,4136,0.37,48,1
151,44,4157,5453,3555,0.54,46,1
152,49,4223,3423,2268,0.89,85,0
153,45,892,3886,3059,0.37,95,1
154,45,2498,2715,2971,0.4,68,1
155,57,369,2017,351,0.4,16,1
156,64,3486,3341,961,0.68,57,0
157,41,2696,298,2375,0.37,97,1
158,41,4219,1045,3122,0.92,80,1
159,65,4284,8174,1593,0.91,53,0
160,57,3752,7278,1512,0.85,56,0
161,19,709,5373,391,0.87,94,0
162,64,1970,2584,502,0.89,56,0
163,52,4255,6375,49,0.56,54,1
164,59,4819,2490,4837,0.97,43,1
165,44,3054,103,4833,0.89,29,1
166,23,1685,6780,2496,0.76,57,0
167,48,3780,5929,3492,0.76,46,0
168,22,3499,5077,3527,0.55,53,1
169,54,2328,5034,2001,0.73,40,0
170,40,598,8383,3933,0.56,76,1
171,20,4818,2301,3116,0.95,98,1
172,27,3252,2891,4440,0.44,33,1
173,38,3026,5571,922,0.78,41,0
174,19,615,9092,2792,0.35,44,1
175,27,3078,5449,1285,0.4,53,1
176,34,3986,2221,143,0.7,19,0
177,31,3391,2716,3232,0.38,99,1
178,62,2971,4759,1724,0.66,7,0
179,57,1880,6791,2740,0.66,20,0
180,24,2917,8712,4526,0.51,29,1
181,25,1924,3410,174,0.54,83,1
182,25,388,5616,426,0.35,18,1
183,47,1723,1839,4153,0.93,96,1
184,63,3647,4757,3636,0.88,86,0
185,63,2222,6220,2014,0.38,8,1
186,43,4675,7259,887,0.72,72,0
187,40,2478,6612,4627,0.84,9,0
188,22,2311,194,323,0.79,28,1
189,64,315,9098,355,0.83,37,0
190,62,3232,6621,223,0.47,96,1
191,24,4159,5472,1607,0.52,15,1
192,34,3648,841,1910,0.72,24,1
193,43,706,7993,144,0.56,93,1
194,51,3415,9142,4153,0.59,79,1
195,59,525,6710,1447,0.55,16,1
196,43,574,9396,2769,0.47,70,1
197,25,2012,7359,464,0.41,74,1
198,43,3763,8044,549,0.86,45,0
199,63,3277,8554,3002,0.78,82,0
200,29,2723,5564,4168,0.58,38,1
201,37,2759,1047,3386,0.53,84,1
202,60,206,448,4353,0.53,34,1
203,58,4594,1942,4939,0.93,43,1
204,36,3213,8260,3547,0.92,19,0
205,45,1776,2584,755,0.55,73,1
206,32,4360,995,3489,0.32,70,1
207,21,2693,954,3897,0.52,36,1
208,36,4825,3348,1236,0.88,90,0
209,36,3730,1056,2404,0.77,7,1
210,62,2649,9182,1675,0.91,100,0
211,50,1729,1033,769,0.73,72,0
212,56,2512,2105,1563,0.6,86,0
213,45,1940,346,2904,0.82,7,1
214,64,4264,9029,2214,0.75,54,0
215,58,2067,6406,4602,0.31,50,1
216,41,1824,6720,50,0.9,13,0
217,38,4956,4294,3172,0.63,54,0
218,19,3054,4830,851,0.55,51,1
219,60,3052,6974,2144,0.97,77,0
220,51,4123,1030,3685,0.62,77,1
221,26,4098,2637,3267,0.82,21,1
222,35,3912,6818,2567,0.69,93,0
223,21,2772,2688,846,0.93,20,0
224,53,3439,6444,1721,0.8,68,0
225,45,3477,6381,257,0.89,50,0
226,49,1962,6047,362,0.93,14,0
227,38,1947,985,3923,0.7,54,1
228,42,4118,6714,3990,0.63,39,0
229,65,1929,1505,3631,0.98,86,1
230,61,2072,7669,4480,0.9,49,0
231,55,3919,7147,18,0.42,64,1
232,52,4705,6542,3809,0.68,14,0
233,29,3441,8009,303,0.86,9,0
234,55,3032,3698,4961,0.52,49,1
235,39,2076,7242,1793,0.85,86,0
236,33,3519,7386,24,0.36,77,1
237,38,3204,4128,937,0.69,60,0
238,44,4724,4623,1162,0.62,34,0
239,54,2138,5958,267,0.68,45,0
240,47,995,1486,552,0.46,13,1
241,64,4091,3603,1500,0.65,38,0
242,30,288,2034,1072,0.92,37,0
243,65,3267,5129,4108,0.85,86,0
244,36,2721,2465,4281,0.59,60,1
245,64,2157,8971,1364,0.33,14,1
246,41,395,8895,3774,0.3,45,1
247,20,4741,9135,3508,0.81,72,0
248,48,2653,2178,3435,0.39,49,1
249,63,1340,158,4117,0.42,38,1
250,49,4154,7427,3629,0.32,44,1
251,50,293,3429,3185,0.85,40,0
252,45,412,506,3606,0.37,18,1
253,24,1679,9745,4909,0.96,77,0
254,55,4276,484,3425,0.59,26,1
255,52,2616,440,4218,0.8,51,1
256,43,2079,4713,4839,0.65,86,1
257,57,521,2867,4617,0.59,38,1
258,28,3141,5694,4457,0.76,48,0
259,65,4147,3120,1924,0.63,76,0
260,58,1890,1195,4210,0.93,86,1
261,36,3896,8198,4264,0.49,8,1
262,52,1051,6315,3130,0.47,30,1
263,27,782,6994,3869,0.57,72,1
264,43,640,4048,3920,0.39,18,1
265,36,3568,2638,4005,0.38,49,1
266,27,348,8034,2671,0.87,20,0
267,41,4706,2068,99,0.48,58,1
268,42,4955,617,1048,0.4,38,1
269,28,4619,377,3324,0.31,98,1
270,51,4344,8762,602,0.4,67,1
271,23,2105,8614,3725,0.77,16,0
272,33,1288,8703,1310,0.8,73,0
273,33,1268,5535,745,0.88,94,0
274,22,2102,8837,582,0.3,50,1
275,56,250,7779,3389,0.79,28,0
276,57,240,1948,1220,0.36,14,1
277,38,3704,9141,2285,0.43,10,1
278,62,4546,9497,1949,0.96,13,0
279,32,4692,67,3310,0.98,97,1
280,30,3713,436,604,0.53,39,1
281,65,4796,7652,3897,0.46,74,1
282,33,384,9995,3143,0.35,33,1
283,64,429,2568,1703,0.62,53,0
284,34,3994,9254,4523,0.93,10,0
285,33,2662,3499,2605,0.85,91,0
286,46,4765,8858,1928,0.34,94,1
287,57,2296,1167,3548,0.88,61,1
288,48,3985,8249,1898,0.43,44,1
289,32,3339,4883,2503,0.76,40,0
290,27,3913,2134,3119,0.31,43,1
291,31,4077,7892,1666,0.81,74,0
292,42,1877,6903,2709,0.46,55,1
293,42,2803,8989,2661,0.8,5,0
294,25,229,8407,871,0.96,54,0
295,26,2317,5080,535,0.39,19,1
296,48,904,8240,3751,0.87,34,0
297,42,936,2880,751,0.38,30,1
298,55,2125,2148,1085,0.48,64,1
299,44,863,1193,4434,0.65,95,1
300,43,707,1313,966,0.37,30,1
301,57,3469,2522,2601,0.49,44,1
302,51,2602,4690,1623,0.34,50,1
303,55,371,984,2728,0.6,98,1
304,48,3128,925,1558,0.49,5,1
305,31,747,6994,4859,0.95,22,0
306,63,3037,1326,211,0.98,39,0
307,19,1550,7145,508,0.8,80,0
308,34,3665,5206,2917,0.41,75,1
309,32,4836,5354,3833,0.47,29,1
310,26,2671,8543,3401,0.69,82,0
311,19,2434,1757,4879,0.9,90,1
312,35,4933,7727,3766,0.52,36,1
313,34,4425,4909,3049,0.41,63,1
314,32,4635,5867,2546,0.63,54,0
315,38,949,1392,2999,0.79,46,1
316,22,461,4559,349,0.34,33,1
317,28,1477,1080,3967,0.66,24,1
318,37,1461,8306,155,0.37,31,1
319,22,4797,2084,2940,0.44,82,1
320,57,398,5106,3045,0.55,85,1
321,64,1775,3881,2535,0.77,65,0
322,65,4729,2200,1615,0.47,8,1
323,63,1521,258,1135,0.36,74,1
324,42,2463,6226,377,0.88,6,0
325,33,3976,2542,2573,0.74,55,1
326,62,4957,1421,916,0.9,31,0
327,20,4918,4776,172,0.45,93,1
328,35,522,7033,1245,0.98,50,0
329,50,4103,4068,1841,0.91,19,0
330,31,2840,8588,1557,0.91,15,0
331,38,452,7245,4953,0.35,68,1
332,63,4307,7962,140,0.32,53,1
333,41,3779,5608,3209,0.67,61,0
334,25,1731,8459,677,0.77,17,0
335,65,4003,7537,1741,0.8,38,0
336,40,3825,5070,3589,0.86,69,0
337,57,4085,6182,1192,0.95,67,0
338,28,4983,8363,1453,0.72,13,0
339,54,2907,8035,3673,0.71,87,0
340,55,1958,4147,1156,0.43,56,1
341,57,3167,557,1304,0.4,85,1
342,59,2612,5478,4981,0.36,57,1
343,49,4160,2158,1958,0.64,86,0
344,30,3164,7110,495,0.38,49,1
345,28,358,1015,4172,0.84,25,1
346,36,4344,6826,3487,0.79,72,0
347,65,3803,4973,1693,0.63,86,0
348,58,454,1778,3782,0.81,17,1
349,50,524,8935,3003,0.88,11,0
350,58,2118,5401,2815,0.56,97,1
351,50,3091,4022,4371,0.97,37,1
352,48,959,3818,638,0.96,12,0
353,20,3316,3980,4226,0.71,13,1
354,52,1188,4403,2772,0.93,55,0
355,31,4655,3036,1109,0.67,71,0
356,55,2461,6094,230,0.52,32,1
357,40,2879,4994,859,0.93,85,0
358,22,214,9460,28,0.67,37,0
359,22,4548,8882,4160,0.55,92,1
360,19,4887,5785,4703,0.6,40,0
361,43,2232,6974,1542,0.6,87,0
362,31,433,3410,2450,0.86,37,0
363,63,1482,5622,221,0.32,95,1
364,21,4714,9642,607,0.93,27,0
365,46,4076,8014,2060,0.4,18,1
366,23,942,2191,4858,0.75,73,1
367,36,4847,7482,3556,0.78,66,0
368,38,3199,8224,2593,0.72,39,0
369,19,3809,7652,3990,0.63,99,0
370,20,4819,5614,2565,0.57,66,1
371,37,3032,3859,94,0.59,31,1
372,65,4833,3676,136,0.63,7,0
373,19,2675,6362,2278,0.81,80,0
374,29,999,3836,4626,0.54,16,1
375,38,4321,646,946,0.31,60,1
376,48,2897,4778,3204,0.76,33,0
377,20,3069,7180,2748,0.55,11,1
378,62,2737,9572,4874,0.89,98,0
379,39,2540,2984,538,0.85,63,0
380,64,4609,9064,3308,0.54,54,1
381,45,3114,9046,509,0.59,40,1
382,32,801,1866,2940,0.57,30,1
383,38,4087,1770,1001,0.93,45,0
384,62,3718,9344,2491,0.92,25,0
385,61,2002,3183,146,0.98,77,0
386,65,4175,216,3619,0.55,57,1
387,61,4230,1201,2612,0.53,54,1
388,51,974,714,4855,0.62,97,1
389,36,2416,9653,3337,0.34,20,1
390,45,1478,6015,3500,0.91,83,0
391,28,3610,6143,292,0.49,23,1
392,44,2875,7380,1976,0.78,40,0
393,51,4570,6592,4066,0.63,8,0
394,47,2426,3469,2985,0.68,77,0
395,40,2109,9761,1477,0.67,81,0
396,50,4181,4401,623,0.87,72,0
397,38,1685,5377,263,0.38,6,1
398,31,3671,6644,3867,0.92,60,0
399,30,2703,767,4649,0.37,41,1
400,32,956,9548,171,0.41,87,1
401,50,1858,7523,646,0.39,34,1
402,55,1485,3345,3762,0.53,92,1
403,28,4077,7100,3537,0.93,35,0
404,55,813,4391,2447,0.37,91,1
405,18,4279,4851,4871,0.7,69,1
406,47,3805,522,3042,0.72,47,1
407,21,212,6929,664,0.83,20,0
408,23,4898,5825,3558,0.32,60,1
409,61,2502,8236,1408,0.39,16,1
410,38,1523,9649,4358,0.93,72,0
411,32,1137,1626,3134,0.53,74,1
412,27,1731,8844,1631,0.4,100,1
413,23,2327,8200,4795,0.6,98,0
414,29,1348,9471,4685,0.74,53,0
415,31,2369,5605,4038,0.82,94,0
416,48,2779,5217,2970,0.58,40,1
417,44,1316,5050,1226,0.51,42,1
418,33,379,9640,793,0.85,20,0
419,63,3610,8390,4600,0.72,89,0
420,20,2057,7689,2505,0.82,37,0
421,38,2818,9676,1568,0.5,34,1
422,23,4601,6176,2794,0.6,17,0
423,55,4315,6309,2765,0.49,5,1
424,45,450,3514,45,0.8,42,0
425,27,939,6531,3010,0.8,46,0
426,18,1151,7594,2501,0.36,10,1
427,50,4786,3833,3495,0.3,37,1
428,47,1422,3486,2713,0.69,96,0
429,32,1259,5991,3919,0.76,23,0
430,32,985,6766,81,0.93,57,0
431,28,971,4137,1598,0.52,78,1
432,21,2351,8151,1128,0.89,87,0
433,31,3684,7282,3022,0.86,27,0
434,22,309,9547,1261,0.65,98,0
435,56,626,7127,2182,0.42,78,1
436,24,675,6433,2553,0.69,38,0
437,56,3872,5430,2008,0.89,99,0
438,58,3503,3951,376,0.42,30,1
439,56,1127,5432,3488,0.95,90,0
440,44,4181,494,49,0.35,95,1
441,25,361,1498,1933,0.81,99,1
442,24,4159,4233,196,0.87,35,0
443,32,2880,2823,3760,0.63,96,1
444,23,4337,2044,1603,0.9,22,0
445,53,4517,6354,503,0.46,95,1
446,22,1663,2731,711,0.35,5,1
447,50,4131,4129,3507,0.87,88,0
448,47,4033,6006,3895,0.3,15,1
449,55,2672,8228,4468,0.59,27,1
450,49,1992,2312,2902,0.61,62,1
451,34,3987,9359,990,0.56,36,1
452,27,438,8478,4705,0.83,18,0
453,23,1907,2972,774,0.34,56,1
454,35,4114,99,1123,0.62,59,1
455,36,4249,7300,567,0.35,63,1
456,38,3233,7661,1161,0.4,73,1
457,35,589,1993,2040,0.36,73,1
458,41,2422,8078,546,0.58,13,1
459,47,913,8403,2683,0.58,31,1
460,51,2359,5122,3465,0.95,76,0
461,44,3444,973,1819,0.58,54,1
462,62,3696,8038,3268,0.6,39,0
463,50,2069,8179,1342,0.89,21,0
464,47,571,2648,3533,0.5,78,1
465,54,350,8943,2578,0.72,62,0
466,38,2436,8014,816,0.86,72,0
467,21,1555,1679,2980,0.76,11,1
468,62,4351,4259,2347,0.44,100,1
469,47,823,8518,584,0.8,46,0
470,53,442,4287,1115,0.65,37,0
471,50,298,5970,712,0.44,80,1
472,46,3020,7932,1593,0.8,68,0
473,48,1749,3914,468,0.55,10,1
474,52,2777,4456,48,0.77,39,0
475,63,4107,6055,919,0.65,68,0
476,49,2343,1182,497,0.48,57,1
477,48,3435,1434,2464,0.38,88,1
478,38,232,6800,4165,0.75,7,0
479,55,2997,3832,4392,0.95,80,1
480,27,2109,9437,183,0.91,95,0
481,34,206,6313,1301,0.94,66,0
482,49,4404,1824,3859,0.59,58,1
483,39,2715,1905,1600,0.43,11,1
484,49,2251,2413,3526,0.85,94,1
485,36,2166,7113,1306,0.81,12,0
486,33,405,9846,1082,0.69,20,0
487,38,3212,6566,955,0.3,88,1
488,58,1949,8382,4073,0.44,49,1
489,39,813,8783,4506,0.64,76,0
490,44,2693,2270,1112,0.71,60,0
491,48,934,8770,2262,0.47,96,1
492,33,3822,4608,2589,0.47,96,1
493,55,2424,7706,3899,0.81,73,0
494,27,2062,9153,2544,0.44,37,1
495,39,3076,7722,3230,0.95,64,0
496,22,294,1471,2437,0.43,69,1
497,21,2461,145,1079,0.94,63,1
498,59,2942,8902,2139,0.8,84,0
499,56,1872,5870,2085,0.56,80,1
500,49,2730,5985,45,0.48,67,1
501,26,3145,5306,3920,0.72,46,0
502,33,2895,2097,4868,0.61,96,1
503,27,899,9791,4319,0.89,79,0
504,63,783,7928,1844,0.98,77,0
505,25,2438,5170,656,0.53,99,1
506,52,2987,5099,834,0.41,93,1
507,58,2398,3961,2095,0.97,98,0
508,55,2683,4205,2200,0.6,27,0
509,42,2233,109,1726,0.63,89,1
510,20,838,4963,3706,0.82,25,0
511,24,1837,393,2809,0.69,27,1
512,24,1976,392,70,0.78,28,0
513,38,2503,5788,1518,0.34,25,1
514,52,1722,1722,2669,0.69,64,1
515,24,565,9259,699,0.68,35,0
516,35,2749,9371,3099,0.92,99,0
517,48,3018,1908,2778,0.72,22,1
518,58,3137,6772,3530,0.46,85,1
519,44,1561,6867,3481,0.77,82,0
520,35,2933,216,2739,0.83,60,1
521,51,2159,9834,2666,0.59,34,1
522,21,4262,4030,3092,0.36,59,1
523,28,2259,2774,663,0.56,85,1
524,63,3115,6262,1049,0.66,47,0
525,36,917,6026,3380,0.95,9,0
526,65,4184,1789,4705,0.83,91,1
527,65,1275,5248,1199,0.42,71,1
528,60,2423,2515,2884,0.59,23,1
529,18,1458,6456,3440,0.32,99,1
530,60,4036,3141,186,0.68,33,0
531,61,790,1121,3422,0.77,76,1
532,49,4064,7289,3967,0.84,43,0
533,40,3990,6445,3421,0.85,21,0
534,31,871,455,1168,0.54,62,1
535,46,1129,9064,1663,0.83,65,0
536,49,1066,944,3578,0.59,34,1
537,63,1682,600,2328,0.46,32,1
538,57,2944,7693,3549,0.3,88,1
539,30,2167,6034,4102,0.64,68,0
540,18,2347,7363,2694,0.7,79,0
541,40,1730,5668,3435,0.92,24,0
542,53,4586,7065,2621,0.76,58,0
543,38,1383,5192,2292,0.34,29,1
544,45,4213,9055,1319,0.9,30,0
545,30,484,1263,3810,0.61,97,1
546,53,3299,5822,3693,0.71,92,0
547,38,828,8034,746,0.97,88,0
548,56,3669,4009,1397,0.43,30,1
549,63,1488,7047,475,0.89,78,0
550,53,286,2762,4877,0.84,72,1
551,62,211,7084,1389,0.99,74,0
552,33,3706,4737,1925,0.82,14,0
553,22,1959,4811,584,0.57,90,1
554,59,1011,5649,3137,0.48,25,1
555,65,4343,9114,4983,0.5,70,1
556,20,4911,298,1870,0.84,38,1
557,22,4351,7168,2331,0.77,55,0
558,45,2475,5310,3796,0.65,85,0
559,49,2481,4519,1324,0.75,48,0
560,63,792,3072,2507,0.38,20,1
561,45,1515,5742,3623,0.97,17,0
562,50,4702,4486,1672,0.83,5,0
563,33,1445,5679,4298,0.82,50,0
564,59,4083,9330,368,0.69,75,0
565,35,1144,8481,3909,0.8,40,0
566,46,2621,5545,1447,0.6,86,0
567,41,3056,9691,3463,0.69,97,0
568,23,1683,9330,4537,0.61,36,0
569,41,1865,3328,1219,0.68,99,0
570,32,3470,9000,4680,0.75,93,0
571,46,4857,741,2863,0.36,65,1
572,29,745,7972,105,0.56,48,1
573,32,4731,1618,4672,0.8,75,1
574,22,2672,8264,701,0.52,42,1
575,40,1134,8255,558,0.68,27,0
576,55,2505,9300,3531,0.94,49,0
577,50,965,8773,1541,0.45,59,1
578,20,3505,985,4664,0.52,61,1
579,64,1453,6395,2212,0.45,27,1
580,23,3543,946,2704,0.4,14,1
581,44,2944,4178,3275,0.78,59,0
582,42,1862,5283,4074,0.92,51,0
583,18,1396,2099,3678,0.31,51,1
584,63,3480,6796,1737,0.48,65,1
585,27,714,6960,2814,0.81,25,0
586,53,1883,7987,1478,0.41,59,1
587,55,2602,9684,2188,0.67,19,0
588,53,2621,7349,3383,0.77,79,0
589,44,4146,5210,4650,0.58,21,1
590,25,1376,2268,4840,0.35,80,1
591,45,2505,8841,926,0.36,22,1
592,60,1348,4527,4598,0.89,71,1
593,22,4769,7293,2650,0.67,38,0
594,28,4674,5272,541,0.69,25,0
595,50,537,3358,1278,0.89,85,0
596,31,2702,5114,2309,0.31,77,1
597,60,219,7805,208,0.87,59,0
598,35,2284,3170,3416,0.97,14,1
599,22,1385,4226,1779,0.91,63,0
600,18,4430,2313,3497,0.6,36,1
601,58,4256,8896,2830,0.35,53,1
602,23,2686,2973,2362,0.87,19,0
603,45,3413,4744,1776,0.42,14,1
604,65,3206,3613,2847,0.47,42,1
605,45,4141,7918,4543,0.51,17,1
606,53,4480,5354,2428,0.82,34,0
607,53,4474,6362,4876,0.67,62,0
608,64,4884,187,3602,0.62,83,1
609,34,3176,9617,3624,0.55,23,1
610,50,3576,5342,4761,0.98,93,0
611,64,3400,5953,4578,0.83,27,0
612,60,3605,146,1179,0.95,69,1
613,26,4102,5994,1226,0.37,13,1
614,46,2192,6790,3663,0.86,34,0
615,29,1112,1473,4970,0.62,80,1
616,61,4786,3038,1747,0.35,70,1
617,50,3208,435,1381,0.67,34,1
618,40,1534,7587,450,0.62,88,0
619,63,803,9821,4448,0.83,55,0
620,19,430,5764,1309,0.85,9,0
621,31,2239,5580,161,0.9,84,0
622,34,249,4816,4638,0.82,20,0
623,42,4474,5999,699,0.63,55,0
624,60,2092,176,2175,0.89,34,1
625,45,2795,2396,1171,0.66,43,0
626,26,3092,9252,838,0.91,82,0
627,44,2273,234,4290,0.35,48,1
628,62,1929,6372,2602,0.84,88,0
629,45,4583,665,2226,0.41,78,1
630,52,2532,4778,2612,0.51,79,1
631,39,3628,8384,2439,0.38,52,1
632,32,4658,5069,2920,0.63,73,0
633,29,2615,3366,4906,0.37,79,1
634,18,3958,2107,4199,0.72,63,1
635,58,4494,1969,4561,0.96,7,1
636,51,2395,4874,113,0.74,12,0
637,39,916,251,2834,0.88,10,1
638,64,2593,6813,4088,0.73,69,0
639,31,499,5307,981,0.66,28,0
640,62,1289,3702,2563,0.41,77,1
641,51,2894,9515,815,0.83,11,0
642,53,4252,1943,2825,0.95,20,1
643,27,3173,1464,3051,0.79,49,1
644,34,2074,1868,1557,0.3,75,1
645,48,3518,6601,1250,0.85,14,0
646,34,492,981,3727,0.84,70,1
647,36,4148,8858,2164,0.31,20,1
648,36,3572,6821,1312,0.84,36,0
649,56,3514,1434,2586,0.87,53,1
650,53,1838,1344,2746,0.75,55,1
651,49,1150,6441,770,0.92,20,0
652,61,2170,8645,2977,0.86,81,0
653,54,923,3707,3545,0.81,98,0
654,44,4401,9107,217,0.5,99,1
655,38,953,4560,1686,0.78,83,0
656,49,4124,9312,4981,0.3,67,1
657,19,4065,5714,1878,0.44,64,1
658,63,429,5820,1893,0.42,90,1
659,31,4162,3464,2475,0.54,90,1
660,26,4601,3255,353,0.46,78,1
661,39,2899,4552,2484,0.67,39,0
662,27,4467,846,2414,0.97,25,1
663,61,1604,7721,518,0.98,28,0
664,58,810,1518,2536,0.56,71,1
665,39,3620,5429,2573,0.88,71,0
666,39,4583,6475,2160,0.45,9,1
667,58,4086,1262,3920,0.66,16,1
668,31,3500,3248,4231,0.34,42,1
669,54,2146,1569,2715,0.34,13,1
670,44,4072,9240,1198,0.92,26,0
671,63,1017,2275,4859,0.95,94,1
672,42,2512,6653,4183,0.36,95,1
673,45,4165,2748,4847,0.6,95,1
674,22,4429,6034,1851,0.61,79,0
675,53,2155,3455,186,0.45,40,1
676,28,2528,7086,2340,0.57,84,1
677,26,1170,3840,4522,0.77,73,1
678,20,826,4610,181,0.31,47,1
679,61,3858,8930,3580,0.51,94,1
680,37,3388,5983,2969,0.87,90,0
681,39,650,2052,2488,0.71,28,1
682,20,1732,5216,1305,0.8,8,0
683,63,951,4630,2428,0.45,28,1
684,53,2975,7481,3536,0.97,33,0
685,56,274,1016,1335,0.52,44,1
686,41,1595,275,3577,0.85,47,1
687,38,685,4771,1429,0.57,46,1
688,51,4892,8190,4861,0.7,98,0
689,40,4153,5666,2504,0.64,88,0
690,18,380,742,2134,0.34,36,1
691,49,2628,8797,775,0.96,15,0
692,29,844,8274,442,0.84,13,0
693,20,1854,6163,3893,0.82,28,0
694,36,3663,9908,3818,0.72,83,0
695,56,1108,444,609,0.98,8,1
696,24,4083,2226,1961,0.34,79,1
697,56,4293,2021,3702,0.42,49,1
698,65,4975,4085,3166,0.61,18,0
699,23,827,8693,4134,0.49,17,1
700,36,3073,4988,3864,0.9,23,0
701,53,4766,2915,3914,0.42,34,1
702,63,1125,8476,4096,0.93,40,0
703,34,1822,7506,444,0.71,29,0
704,52,3457,8907,3730,0.53,57,1
705,55,4672,1705,2994,0.53,49,1
706,26,923,3932,2882,0.66,19,0
707,34,2383,4753,1667,0.73,96,0
708,44,2148,7590,4387,0.48,83,1
709,39,864,5853,4411,0.98,54,0
710,43,1646,56,4666,0.94,44,1
711,58,1461,4453,3238,0.64,15,0
712,19,3859,1502,1403,0.56,59,1
713,61,2385,1205,4883,0.56,98,1
714,65,4881,1297,3325,0.98,72,1
715,31,2046,1708,1218,0.66,98,0
716,32,4703,7474,3988,0.82,68,0
717,39,4775,663,2086,0.47,18,1
718,45,2652,3234,1587,0.63,64,0
719,45,2917,3799,2739,0.85,19,0
720,51,1604,4859,2207,0.97,34,0
721,34,1872,664,3941,0.33,49,1
722,51,967,8207,4064,0.94,58,0
723,23,1021,8255,4757,0.64,59,0
724,44,2761,1400,4968,0.37,6,1
725,41,1167,5222,1954,0.37,24,1
726,25,2198,9884,3150,0.88,40,0
727,53,1788,7043,3881,0.94,10,0
728,33,553,8034,1775,0.97,8,0
729,23,3377,5583,699,0.94,18,0
730,25,2023,3028,2864,0.35,22,1
731,53,2399,4411,2587,0.52,19,1
732,43,2015,6384,1850,0.83,60,0
733,39,1261,365,1448,0.41,14,1
734,64,4388,7433,62,0.84,29,0
735,49,3576,5963,4948,0.59,85,1
736,64,1833,3026,4007,0.76,31,1
737,39,2586,8437,4498,0.5,90,1
738,50,4342,3598,1785,0.47,49,1
739,55,751,2137,3710,0.9,89,1
740,58,3763,1659,2559,0.78,48,1
741,19,1847,1696,1502,0.87,100,0
742,63,877,7291,2953,0.95,31,0
743,18,3025,8395,4559,0.62,73,0
744,58,4804,3077,4576,0.83,15,1
745,43,1210,1217,276,0.92,60,0
746,51,2300,5884,450,0.56,34,1
747,21,4401,140,4436,0.31,34,1
748,24,1400,5188,1861,0.61,37,0
749,23,2491,8509,1138,0.68,7,0
750,28,686,6192,4243,0.84,27,0
751,21,3770,3215,2970,0.77,38,0
752,20,375,474,3847,0.69,41,1
753,40,3438,5305,1892,0.88,71,0
754,26,3244,5712,4283,0.55,11,1
755,46,3166,6491,3923,0.34,88,1
756,38,3685,7460,4418,0.6,25,0
757,37,3115,8753,2106,0.86,36,0
758,19,4452,3127,2354,0.74,59,0
759,42,3224,8319,4524,0.41,70,1
760,37,2809,9493,698,0.83,19,0
761,38,1377,2346,230,0.98,60,0
762,56,989,6879,1421,0.72,68,0
763,21,726,2654,2601,0.38,60,1
764,60,4163,3667,3132,0.95,89,0
765,31,1307,7366,4987,0.41,79,1
766,60,3972,7293,1206,0.54,15,1
767,29,718,7960,2314,0.9,14,0
768,65,4006,6125,4699,0.57,5,1
769,46,4911,4762,2708,0.76,22,0
770,60,3591,4730,1814,0.34,38,1
771,28,4360,1125,899,0.73,91,0
772,18,1390,3446,1855,0.32,11,1
773,65,2819,796,4371,0.63,51,1
774,33,3026,5656,3827,0.35,99,1
775,61,363,1495,3230,0.45,47,1
776,61,445,5199,3713,0.84,8,0
777,23,4154,6255,3055,0.41,42,1
778,27,990,4789,242,0.38,16,1
779,47,2759,8282,4987,0.61,15,0
780,64,851,3201,2910,0.97,27,0
781,25,2085,6429,3045,0.94,98,0
782,30,354,544,62,0.63,78,0
783,64,793,7247,3773,0.47,61,1
784,40,1991,61,1716,0.41,96,1
785,42,584,2239,206,0.66,86,0
786,64,1731,2709,4107,0.78,51,1
787,48,3920,6203,4607,0.91,37,0
788,59,4087,7513,4028,0.78,34,0
789,35,4807,1792,307,0.48,14,1
790,35,3097,4899,261,0.56,95,1
791,26,2120,9895,60,0.43,98,1
792,22,660,2185,1731,0.55,91,1
793,25,1807,2469,2838,0.4,14,1
794,47,1676,9491,1205,0.4,93,1
795,31,4326,9826,2714,0.5,46,1
796,65,1482,7074,3282,0.58,63,1
797,65,1946,6388,4160,0.39,23,1
798,27,4022,2891,3623,0.71,51,1
799,63,2531,2793,116,0.59,50,1
800,21,3858,2018,1002,0.73,41,0
801,49,835,9277,4617,0.37,6,1
802,40,534,8609,3181,0.83,27,0
803,44,2237,518,1615,0.59,88,1
804,30,2708,8474,4623,0.46,80,1
805,29,4956,6470,2632,0.6,73,0
806,56,4792,6173,2404,0.48,67,1
807,65,2601,6110,2769,0.34,10,1
808,21,1419,7959,1479,0.62,100,0
809,43,1022,7816,1713,0.46,53,1
810,42,3777,3710,3968,0.86,55,1
811,22,3256,1564,28,0.7,12,0
812,24,1530,4566,2668,0.45,95,1
813,22,281,940,2579,0.78,60,1
814,59,4333,201,3227,0.62,91,1
815,63,4701,7121,431,0.79,70,0
816,33,3782,6458,2829,0.67,19,0
817,47,4403,3602,2282,0.4,76,1
818,37,4281,2734,2259,0.41,59,1
819,62,561,1933,4989,0.96,33,1
820,63,3211,6202,706,0.42,37,1
821,32,4022,5472,632,0.96,33,0
822,56,2417,474,3042,0.56,51,1
823,29,4869,5127,1152,0.97,17,0
824,37,4040,8695,903,0.47,10,1
825,46,2776,91,2878,0.36,20,1
826,19,275,199,2635,0.32,64,1
827,18,4490,2564,4620,0.93,54,1
828,54,1346,7935,4914,0.5,9,1
829,31,2825,7676,765,0.72,82,0
830,35,604,5584,1760,0.54,57,1
831,22,1083,5593,4992,0.52,41,1
832,63,3657,6304,378,0.82,11,0
833,53,3507,8616,2224,0.81,25,0
834,49,690,8908,4170,0.66,44,0
835,39,4685,1651,2118,0.59,94,1
836,58,1065,1316,1706,0.81,65,1
837,50,2891,4715,3991,0.85,34,0
838,31,1304,4053,3381,0.63,37,0
839,59,1535,1115,3852,0.48,71,1
840,24,2844,560,3776,0.98,25,1
841,49,2732,8737,1306,0.34,67,1
842,25,2208,5386,3353,0.52,81,1
843,37,2437,1939,3770,0.7,9,1
844,61,1733,7225,1278,0.7,15,0
845,52,2365,7639,4976,0.42,64,1
846,28,1871,4572,4942,0.53,17,1
847,60,2424,5050,3350,0.96,89,0
848,61,454,7732,2171,0.38,18,1
849,41,944,3736,3723,0.33,86,1
850,62,1147,3448,2500,0.54,12,1
851,43,4567,3149,382,0.62,7,0
852,65,3996,5258,1907,0.51,13,1
853,36,945,3219,3673,0.44,63,1
854,24,314,3198,2204,0.75,16,0
855,55,4005,5889,4983,0.93,90,0
856,29,1164,3229,4445,0.35,10,1
857,29,1258,3702,4012,0.72,100,1
858,47,3038,5578,2553,0.61,8,0
859,64,1508,8913,4553,0.37,31,1
860,48,2959,1284,1383,0.61,20,1
861,62,3994,6444,766,0.75,70,0
862,62,2055,1985,3954,0.73,28,1
863,60,1926,397,2544,0.32,64,1
864,30,1423,6199,862,0.89,60,0
865,53,2765,3917,3768,0.93,78,0
866,52,1863,4899,4191,0.87,95,0
867,29,4863,3337,4385,0.36,70,1
868,55,1363,195,1385,0.83,7,1
869,51,732,222,905,0.7,94,1
870,37,1368,8307,3378,0.84,52,0
871,25,3730,7229,4730,0.52,86,1
872,34,3847,859,1521,0.35,35,1
873,29,2866,4468,4537,0.96,87,1
874,55,528,9442,3203,0.55,36,1
875,42,4010,4796,2027,0.39,82,1
876,34,4028,5102,1822,0.44,31,1
877,53,3828,1035,3849,0.4,63,1
878,31,2129,8706,1744,0.32,11,1
879,25,1021,7055,3545,0.89,71,0
880,62,1333,299,595,0.64,7,1
881,25,4978,1772,1969,0.75,15,1
882,47,2055,9621,4784,0.34,69,1
883,24,1894,3905,4717,0.97,69,1
884,41,559,288,694,0.36,18,1
885,48,988,6018,4660,0.86,97,0
886,56,2278,4759,3983,0.67,91,0
887,36,1346,1376,220,0.3,64,1
888,18,3727,7296,4779,0.45,17,1
889,28,2018,1428,20,0.66,32,0
890,36,2263,411,2616,0.58,88,1
891,22,2692,8778,775,0.94,84,0
892,58,3811,1392,3590,0.89,89,1
893,35,3737,4712,4567,0.92,19,0
894,46,2105,6925,2325,0.8,19,0
895,64,4618,2394,2706,0.58,89,1
896,38,4631,2036,3458,0.82,67,1
897,35,2296,2204,1681,0.66,63,0
898,19,4000,5004,246,0.43,56,1
899,55,916,1266,652,0.74,77,0
900,54,2702,4871,1878,0.45,88,1
901,65,3420,7347,2231,0.69,98,0
902,44,333,8899,3537,0.42,87,1
903,58,1475,6494,3591,0.97,24,0
904,56,3026,9978,3488,0.47,33,1
905,18,745,2308,2977,0.8,33,1
906,32,1419,3607,3492,0.96,24,0
907,33,3250,3854,2297,0.67,47,0
908,63,1567,9916,3179,0.62,40,0
909,48,831,2294,2502,0.83,18,1
910,23,1162,275,39,0.84,69,0
911,28,1026,4675,2928,0.66,63,0
912,45,2929,7861,1877,0.42,41,1
913,39,1150,1460,1063,0.68,17,0
914,27,462,4071,59,0.79,16,0
915,63,943,6886,2191,0.48,79,1
916,51,615,9955,3481,0.53,29,1
917,20,4793,2593,2379,0.67,16,0
918,50,428,9869,365,0.81,45,0
919,31,1620,5516,2145,0.71,23,0
920,32,4722,4769,3836,0.33,89,1
921,20,1617,2459,2369,0.92,72,0
922,21,3774,3965,4311,0.59,28,1
923,60,2032,5068,226,0.51,37,1
924,53,4717,8716,599,0.33,39,1
925,38,3419,6632,3735,0.87,75,0
926,44,4921,8437,3652,0.78,63,0
927,51,1929,2764,3915,0.82,26,1
928,39,401,7129,3722,0.41,70,1
929,43,546,7750,992,0.99,24,0
930,51,827,5999,2780,0.72,5,0
931,53,2239,112,2160,0.93,42,1
932,26,4990,3268,1136,0.82,16,0
933,54,2231,540,2918,0.85,23,1
934,62,4926,650,1539,0.57,64,1
935,46,218,6175,1070,0.69,7,0
936,28,3112,6429,190,0.87,45,0
937,27,862,8579,4718,0.37,36,1
938,59,4983,2600,459,0.67,65,0
939,27,4568,3532,1463,0.64,37,0
940,42,4637,69,2329,0.63,22,1
941,32,379,4612,3194,0.51,22,1
942,47,1142,7206,4698,0.7,71,0
943,53,2585,5356,2381,0.41,78,1
944,63,1921,5359,4653,0.76,60,0
945,61,3793,650,466,0.64,9,0
946,64,4329,4622,1442,0.69,91,0
947,41,4283,9500,3520,0.36,59,1
948,53,1549,7210,1341,0.36,28,1
949,44,1949,6175,74,0.32,62,1
950,21,4040,3902,4282,0.84,60,1
951,52,1938,9404,3901,0.73,30,0
952,42,3396,5269,1400,0.33,92,1
953,49,4918,3027,527,0.48,58,1
954,35,2117,4328,1184,0.8,38,0
955,29,3810,6415,1582,0.35,87,1
956,51,3255,718,4721,0.34,60,1
957,31,3738,109,2274,0.65,88,1
958,65,4783,1649,3932,0.51,83,1
959,55,2247,1566,2561,0.73,75,1
960,62,4334,3850,3809,0.41,7,1
961,32,573,3316,669,0.47,91,1
962,32,1526,3183,173,0.82,100,0
963,33,2502,3649,434,0.35,47,1
964,42,2523,2640,3126,0.4,39,1
965,54,4871,5197,2925,0.3,59,1
966,49,566,3027,891,0.6,13,0
967,34,2031,8049,952,0.77,66,0
968,47,3727,3350,4352,0.85,47,1
969,37,1491,7148,907,0.62,48,0
970,58,4324,2802,3727,0.53,74,1
971,44,3066,4842,1435,0.43,44,1
972,53,568,3992,1394,0.92,91,0
973,56,3874,9141,2177,0.94,84,0
974,35,4583,562,1367,0.34,89,1
975,28,1174,5988,528,0.63,29,0
976,41,3005,5745,933,0.59,48,1
977,31,2365,2280,576,0.89,30,0
978,58,4714,9581,4577,0.97,90,0
979,31,3331,9797,4572,0.63,42,0
980,25,1261,6243,1864,0.84,60,0
981,65,2951,5327,4439,0.58,88,1
982,23,511,2001,4964,0.74,21,1
983,31,4797,8945,2861,0.64,65,0
984,60,871,7392,1006,0.48,88,1
985,34,4382,5043,4111,0.65,41,0
986,20,432,9720,604,0.56,29,1
987,48,3106,3449,2183,0.53,10,1
988,40,4165,3430,714,0.56,44,1
989,42,3526,3089,2060,0.7,83,0
990,63,292,3114,4463,0.94,32,1
991,29,4294,2706,3637,0.88,18,1
992,39,878,366,2986,0.93,49,1
993,34,1283,7636,2923,0.54,69,1
994,43,2031,4505,2743,0.48,72,1
995,20,1343,5957,3220,0.96,83,0
996,22,2982,6442,2889,0.92,64,0
997,27,308,6700,4070,0.89,79,0
998,24,955,8279,2823,0.7,87,0
999,65,2620,2416,14,0.45,65,1
1000,20,4046,160,2785,0.74,9,1
1001,43,3334,3730,2518,0.46,44,1
1002,54,3488,7877,1780,0.38,13,1
1003,60,1082,8917,192,0.41,63,1
1004,23,2521,8707,2527,0.47,63,1
1005,32,4261,5131,655,0.51,13,1
1006,31,4372,9094,813,0.92,57,0
1007,51,2422,6249,882,0.53,89,1
1008,60,440,2532,2674,0.8,90,1
1009,18,778,7198,3052,0.46,20,1
1010,40,4658,339,4982,0.4,10,1
1011,45,1660,7369,472,0.94,52,0
1012,55,932,7044,2500,0.72,29,0
1013,57,3497,5884,2839,0.94,79,0
1014,21,1355,4131,2778,0.53,9,1
1015,56,2596,2853,2165,0.37,13,1
1016,50,547,3876,4428,0.95,30,1
1017,31,2718,9641,982,0.71,72,0
1018,53,4677,7218,2869,0.59,75,1
1019,52,227,4120,4352,0.33,72,1
1020,59,3843,8519,4261,0.52,91,1
1021,56,3168,1969,4940,0.64,42,1
1022,45,3631,6997,1134,0.65,94,0
1023,60,2814,4679,774,0.8,24,0
1024,60,4076,8699,1336,0.35,65,1
1025,29,3412,4445,2375,0.96,36,0
1026,49,4271,1748,4817,0.97,7,1
1027,30,1794,3031,235,0.3,50,1
1028,50,1611,7992,314,0.98,80,0
1029,37,4000,6604,1372,0.43,50,1
1030,61,1287,8833,1665,0.86,20,0
1031,54,1756,6179,4662,0.49,70,1
1032,42,2261,1767,2325,0.37,53,1
1033,43,4266,208,4294,0.35,7,1
1034,60,1507,629,1708,0.6,45,1
1035,47,1528,9960,3054,0.7,93,0
1036,18,3104,7510,3009,0.77,19,0
1037,45,3387,422,1910,0.5,8,1
1038,44,1013,9759,279,0.75,9,0
1039,31,4496,973,4755,0.85,59,1
1040,63,4385,2039,289,0.35,67,1
1041,52,3282,3456,3046,0.4,93,1
1042,45,4568,1546,4972,0.61,17,1
1043,42,3123,7654,1113,0.97,41,0
1044,33,2980,9234,659,0.87,97,0
1045,55,4274,5282,1138,0.37,100,1
1046,24,2101,5606,3302,0.39,69,1
1047,31,1660,5680,4707,0.31,44,1
1048,57,4832,408,3920,0.32,51,1
1049,19,3314,3958,3346,0.62,98,0
1050,39,3840,7392,4454,0.51,50,1
1051,62,4416,6359,4486,0.83,13,0
1052,19,2959,2047,1790,0.98,64,0
1053,25,1834,9366,3667,0.54,27,1
1054,52,3762,5010,370,0.37,25,1
1055,54,2363,7099,3630,0.7,27,0
1056,30,1628,223,1400,0.43,95,1
1057,36,2458,7687,2256,0.78,98,0
1058,30,3937,2893,2559,0.64,25,0
1059,60,1562,3915,4911,0.88,67,1
1060,57,4563,8509,4663,0.75,83,0
1061,22,4421,7812,1468,0.49,59,1
1062,32,4755,6943,957,0.75,47,0
1063,49,2545,872,4144,0.79,88,1
1064,37,4983,1627,4865,0.61,100,1
1065,21,4291,8970,2597,0.9,12,0
1066,24,3718,6987,1422,0.57,74,1
1067,27,4125,2565,2786,0.61,26,1
1068,39,819,2924,307,0.38,29,1
1069,58,828,1656,4985,0.78,42,1
1070,38,4189,9125,1959,0.41,56,1
1071,64,1295,4748,3204,0.3,56,1
1072,49,1398,9204,4718,0.91,96,0
1073,45,2957,8484,3349,0.54,76,1
1074,38,1023,9317,96,0.36,39,1
1075,26,1961,1823,3114,0.83,79,1
1076,65,2070,360,677,0.35,66,1
1077,54,3277,8168,929,0.92,81,0
1078,48,4982,1921,4732,0.37,54,1
1079,36,3937,4099,443,0.51,78,1
1080,47,1199,7902,99,0.68,87,0
1081,47,1605,7409,4395,0.45,74,1
1082,32,3992,7258,185,0.51,17,1
1083,62,2852,7674,3627,0.45,30,1
1084,22,2959,1881,1029,0.33,63,1
1085,19,1044,2519,1712,0.61,14,0
1086,40,1804,8525,4092,0.64,29,0
1087,38,1946,8989,1245,0.39,98,1
1088,49,3465,820,1397,0.52,66,1
1089,32,259,1695,2182,0.93,92,1
1090,36,2859,7075,4418,0.91,15,0
1091,23,622,711,4852,0.33,33,1
1092,57,4605,1033,3527,0.67,59,1
1093,31,3903,9519,4109,0.91,75,0
1094,42,3962,4049,2790,0.42,99,1
1095,45,2166,3960,1663,0.44,70,1
1096,52,206,269,4607,0.94,18,1
1097,25,1068,8805,4244,0.55,31,1
1098,39,4062,9869,3844,0.86,28,0
1099,32,1282,3959,4715,0.98,71,1
1100,58,2868,3083,534,0.67,23,0
1101,59,649,2318,319,0.37,10,1
1102,62,4171,8489,976,0.3,92,1
1103,43,3375,7134,698,0.77,92,0
1104,53,2608,8727,4664,0.91,18,0
1105,51,364,6282,648,0.46,31,1
1106,23,4768,6241,3153,0.37,47,1
1107,44,4746,7514,1204,0.95,86,0
1108,60,4762,9219,4873,0.51,70,1
1109,59,2161,9835,2781,0.39,90,1
1110,54,4555,1240,4298,0.42,41,1
1111,55,4539,3941,265,0.86,45,0
1112,25,1728,5552,3206,0.81,94,0
1113,33,2933,8160,4822,0.46,54,1
1114,56,3141,592,1117,0.49,51,1
1115,58,1847,1718,3642,0.71,71,1
1116,19,2621,2211,4075,0.8,46,1
1117,44,339,915,3755,0.98,31,1
1118,54,4475,455,898,0.62,35,1
1119,47,1145,5799,556,0.56,18,1
1120,27,3944,4343,3979,0.35,50,1
1121,45,4302,8661,1995,0.42,56,1
1122,49,2330,6557,346,0.8,28,0
1123,33,4525,6888,3340,0.5,70,1
1124,48,2953,7780,2339,0.58,7,1
1125,19,2107,1577,2331,0.83,7,1
1126,38,4029,1216,2181,0.74,19,1
1127,50,1802,9125,2163,0.86,69,0
1128,42,804,1337,4790,0.73,28,1
1129,45,4614,467,1353,0.83,55,1
1130,60,3753,4038,3228,0.87,12,0
1131,20,3488,4843,4488,0.96,32,0
1132,55,878,9042,2706,0.48,65,1
1133,28,686,7708,516,0.38,76,1
1134,64,1900,9043,355,0.59,12,1
1135,46,1895,2140,2625,0.78,10,1
1136,32,1024,3042,3245,0.82,66,1
1137,28,3639,9647,2546,0.61,28,0
1138,24,4933,1843,1188,0.78,49,0
1139,62,2866,612,317,0.98,15,0
1140,57,1218,5967,647,0.75,20,0
1141,48,1371,8005,1584,0.78,38,0
1142,21,3908,6703,355,0.75,68,0
1143,48,2749,6438,4850,0.68,41,0
1144,35,3750,7675,1394,0.92,32,0
1145,56,3746,3151,407,0.73,70,0
1146,64,546,5560,2666,0.36,73,1
1147,57,3492,4691,3849,0.95,78,0
1148,58,1881,8583,115,0.9,56,0
1149,40,3351,2552,2192,0.55,19,1
1150,61,3647,7422,946,0.74,5,0
1151,31,3151,1042,2207,0.96,22,1
1152,41,886,4961,485,0.91,21,0
1153,53,2141,3126,2072,0.79,31,0
1154,41,2585,1767,2458,0.91,93,1
1155,21,804,2308,4361,0.37,17,1
1156,21,2821,6521,3902,0.61,50,0
1157,23,648,4611,1408,0.69,34,0
1158,55,952,1729,3492,0.54,81,1
1159,48,2754,8061,3113,0.46,34,1
1160,61,1120,4462,3289,0.95,36,0
1161,31,2997,3259,4621,0.67,18,1
1162,50,1784,1459,1908,0.89,67,1
1163,21,2293,1408,4945,0.92,62,1
1164,22,2255,7308,3259,0.63,29,0
1165,39,2647,8998,366,0.77,55,0
1166,40,3123,2966,4156,0.34,7,1
1167,27,2506,9853,3999,0.43,28,1
1168,42,4747,8436,4679,0.94,32,0
1169,26,1472,3467,3812,0.72,13,1
1170,24,4397,9780,3431,0.86,92,0
1171,23,1762,2783,3198,0.42,15,1
1172,38,1365,7647,1690,0.78,25,0
1173,28,1604,590,40,0.39,94,1
1174,54,2438,1606,4051,0.64,16,1
1175,23,2321,2586,198,0.9,47,0
1176,41,2392,4669,2142,0.97,77,0
1177,28,1771,9353,2889,0.38,25,1
1178,55,2666,2437,235,0.5,33,1
1179,28,2312,7408,4474,0.69,99,0
1180,55,755,3220,1162,0.98,71,0
1181,54,4402,2302,2988,0.3,26,1
1182,21,638,1681,888,0.76,89,0
1183,50,4873,7690,1924,0.65,68,0
1184,36,1646,1477,1284,0.63,52,0
1185,46,2164,2603,2874,0.53,37,1
1186,33,1447,5205,4535,0.48,44,1
1187,65,3176,8651,1505,0.78,82,0
1188,51,2406,6500,3088,0.62,27,0
1189,61,1928,5599,1649,0.72,38,0
1190,21,1399,4119,4259,0.38,54,1
1191,56,3669,326,3618,0.82,17,1
1192,58,4396,8744,4889,0.71,92,0
1193,48,2136,54,4573,0.9,69,1
1194,38,1585,7833,4221,0.65,85,0
1195,25,4060,8144,2980,0.79,48,0
1196,61,1600,3822,409,0.59,63,1
1197,18,1288,2721,1511,0.91,38,0
1198,59,1807,121,2959,0.96,42,1
1199,51,2510,4309,4060,0.51,28,1
1200,38,1899,5780,1220,0.99,43,0
1201,31,582,5564,485,0.57,11,1
1202,63,4769,3901,3348,0.9,36,0
1203,41,1053,7899,4482,0.87,61,0
1204,47,1581,6391,590,0.75,25,0
1205,60,406,8109,1046,0.76,18,0
1206,55,546,7542,1485,0.94,28,0
1207,39,1568,2276,4618,0.62,7,1
1208,25,2814,8849,87,0.43,49,1
1209,31,4819,2527,4376,0.64,37,1
1210,64,3067,1341,2198,0.4,89,1
1211,39,2040,1318,2074,0.39,80,1
1212,33,942,658,969,0.81,46,1
1213,58,1859,1851,4293,0.81,7,1
1214,55,3101,5230,2078,0.3,40,1
1215,25,1952,1640,3567,0.85,36,1
1216,61,2714,9181,2392,0.49,39,1
1217,31,2573,5793,2743,0.59,54,1
1218,62,271,2652,3035,0.52,83,1
1219,54,1820,5988,3162,0.8,66,0
1220,48,2755,3836,4410,0.78,26,1
1221,39,3369,7764,358,0.83,90,0
1222,36,4791,1944,1098,0.8,7,0
1223,58,257,5840,359,0.78,92,0
1224,25,4886,8823,727,0.95,57,0
1225,65,4395,4396,936,0.57,82,1
1226,45,1911,4582,168,0.43,72,1
1227,44,3744,7029,4185,0.5,47,1
1228,64,3345,7861,1841,0.9,94,0
1229,56,3797,9311,553,0.88,98,0
1230,31,2850,887,4926,0.63,42,1
1231,43,584,8131,4981,0.87,24,0
1232,36,1792,9001,1229,0.63,11,0
1233,59,1708,7283,3672,0.72,14,0
1234,40,1142,9010,4597,0.69,66,0
1235,27,502,5545,1996,0.43,78,1
1236,40,2635,7825,4783,0.64,30,0
1237,34,4086,3855,3572,0.92,92,0
1238,56,557,5701,3804,0.86,12,0
1239,60,2570,9234,1081,0.46,65,1
1240,58,1420,2143,4666,0.68,20,1
1241,48,2723,9141,3462,0.54,29,1
1242,23,1856,9646,2243,0.83,10,0
1243,29,4426,5517,4573,0.53,55,1
1244,27,1086,7642,2167,0.87,22,0
1245,33,4557,5905,2247,0.49,50,1
1246,59,3208,951,4454,0.71,8,1
1247,25,2476,3631,197,0.66,83,0
1248,34,3127,2594,9,0.41,81,1
1249,51,2991,9682,376,0.92,77,0
1250,28,1949,6373,1383,0.84,57,0
1251,23,1029,316,2623,0.9,33,1
1252,27,440,190,2090,0.84,11,1
1253,64,3471,8359,523,0.49,67,1
1254,58,4132,3906,1414,0.88,26,0
1255,23,2885,5608,2191,0.57,67,1
1256,51,2936,2065,1893,0.31,62,1
1257,31,2370,2286,4358,0.98,39,1
1258,33,757,7055,1426,0.37,90,1
1259,26,4656,7421,2499,0.88,61,0
1260,55,3201,1802,2590,0.93,95,1
1261,55,4877,3989,273,0.71,99,0
1262,65,1669,7850,2636,0.72,99,0
1263,36,2030,8655,134,0.85,33,0
1264,19,1768,9179,919,0.47,41,1
1265,27,1311,6066,220,0.58,78,1
1266,43,423,4890,564,0.45,26,1
1267,29,315,4293,4650,0.63,10,1
1268,65,3109,5870,1359,0.48,98,1
1269,56,1201,7371,958,0.86,85,0
1270,29,4638,1055,1028,0.92,65,0
1271,59,3361,4988,3967,0.85,19,0
1272,64,1400,5271,58,0.83,5,0
1273,33,995,5061,3358,0.33,80,1
1274,22,4507,3407,1814,0.7,50,0
1275,59,2287,290,788,0.86,23,1
1276,57,2140,8511,4320,0.76,45,0
1277,30,1689,3418,2320,0.8,65,0
1278,45,1485,9660,4949,0.7,74,0
1279,60,1637,4670,491,0.41,7,1
1280,22,2437,2303,450,0.8,70,0
1281,34,772,8804,2701,0.77,44,0
1282,45,4262,7911,1090,0.9,95,0
1283,36,638,1075,4011,0.91,61,1
1284,40,1814,3612,550,0.41,82,1
1285,58,4304,5601,736,0.76,16,0
1286,27,3246,5753,1509,0.3,20,1
1287,53,1661,7755,2146,0.42,55,1
1288,64,2672,2973,1755,0.77,60,0
1289,61,3996,1059,1906,0.41,99,1
1290,38,1369,2928,3992,0.37,25,1
1291,62,2252,4507,679,0.98,62,0
1292,41,4626,8135,1298,0.65,27,0
1293,37,4731,265,3301,0.34,85,1
1294,42,4222,8200,2908,0.89,32,0
1295,22,3948,6407,3847,0.48,36,1
1296,33,1942,9544,3757,0.97,10,0
1297,24,1302,6381,2148,0.52,93,1
1298,29,334,1579,4316,0.32,89,1
1299,57,1788,154,1174,0.39,72,1
1300,57,4607,2621,3152,0.33,47,1
1301,38,4232,9691,3176,0.67,88,0
1302,58,2476,6085,4945,0.67,84,0
1303,49,2179,3627,2226,0.37,42,1
1304,55,2579,4056,4497,0.6,57,1
1305,38,2319,4991,1563,0.92,91,0
1306,65,1432,7477,3514,0.65,46,0
1307,56,608,551,1812,0.51,14,1
1308,33,3811,3187,4036,0.57,22,1
1309,50,3377,7140,359,0.61,95,0
1310,60,1192,9041,2847,0.4,90,1
1311,20,1063,2112,3879,0.61,45,1
1312,63,1229,7969,4335,0.55,63,1
1313,47,4421,1707,4178,0.72,23,1
1314,52,4936,7062,1776,0.49,58,1
1315,63,2821,6812,665,0.58,24,1
1316,53,3899,9276,4557,0.74,91,0
1317,23,740,5596,1142,0.48,68,1
1318,19,1067,957,2115,0.85,77,1
1319,50,4604,1354,1673,0.53,76,1
1320,44,3374,1624,4947,0.98,56,1
1321,56,4580,5688,1287,0.6,49,0
1322,19,648,6461,3717,0.79,18,0
1323,23,4802,2059,4270,0.4,16,1
1324,52,1932,3196,1875,0.85,69,0
1325,28,1605,1692,2451,0.89,26,1
1326,47,4145,5992,115,0.92,51,0
1327,46,1903,9704,2929,0.54,51,1
1328,51,2387,2835,2421,0.54,80,1
1329,18,4271,7856,4468,0.85,75,0
1330,49,3871,7973,1621,0.65,48,0
1331,22,1884,338,1243,0.75,100,1
1332,50,2511,8841,4018,0.71,62,0
1333,65,2117,1485,917,0.81,69,0
1334,35,2541,5871,3577,0.88,52,0
1335,39,2138,4320,203,0.36,63,1
1336,34,2660,144,4553,0.55,81,1
1337,64,4267,1887,4950,0.97,45,1
1338,23,827,6195,236,0.68,79,0
1339,44,393,4564,4079,0.48,88,1
1340,40,3366,9121,3765,0.75,23,0
1341,57,3407,9996,3931,0.95,32,0
1342,47,705,6543,4438,0.43,71,1
1343,39,2027,8890,3292,0.94,51,0
1344,37,1783,5160,1684,0.42,21,1
1345,62,1083,3859,82,0.94,89,0
1346,22,4909,8381,1957,0.79,72,0
1347,45,1617,8025,4867,0.92,83,0
1348,38,2543,8441,2519,0.45,54,1
1349,25,2988,6285,4076,0.78,53,0
1350,41,3803,3344,4773,0.53,24,1
1351,53,4399,3125,14,0.37,88,1
1352,29,1004,6881,157,0.65,39,0
1353,25,285,4471,2840,0.71,92,0
1354,19,2303,597,2103,0.32,91,1
1355,53,225,9657,713,0.74,17,0
1356,44,4675,4063,3461,0.47,24,1
1357,55,2190,3433,1926,0.48,97,1
1358,32,894,4478,1045,0.54,80,1
1359,29,3802,7578,2369,0.83,31,0
1360,27,3323,6213,501,0.99,13,0
1361,47,4739,8781,2174,0.76,94,0
1362,25,1502,7041,4141,0.69,14,0
1363,30,3766,2169,4033,0.41,100,1
1364,25,1015,481,4161,0.92,12,1
1365,28,4978,152,4627,0.42,99,1
1366,18,910,8105,3712,0.62,12,0
1367,48,2088,4313,3266,0.34,100,1
1368,40,4284,4785,3404,0.41,22,1
1369,32,4444,9233,3336,0.6,87,0
1370,30,4121,1660,928,0.69,53,0
1371,31,2858,696,2666,0.39,21,1
1372,31,4523,9796,4602,0.42,93,1
1373,59,3827,4715,3717,0.67,64,0
1374,45,1799,6742,2224,0.47,82,1
1375,25,2430,375,240,0.92,83,0
1376,59,3085,9847,1277,0.85,11,0
1377,49,611,3268,220,0.64,86,0
1378,47,4837,4450,3623,0.59,92,1
1379,21,1308,4531,466,0.56,46,1
1380,61,3453,5885,1082,0.64,35,0
1381,42,3450,6986,1361,0.8,50,0
1382,37,1996,6693,4476,0.9,5,0
1383,58,2018,8517,2958,0.49,36,1
1384,63,4897,6482,4849,0.77,39,0
1385,46,352,2398,3087,0.39,40,1
1386,21,1627,8885,4272,0.4,12,1
1387,21,2619,2591,3407,0.85,62,1
1388,34,572,6185,3136,0.74,85,0
1389,36,1690,2529,2606,0.95,8,1
1390,33,2694,3621,1299,0.54,43,1
1391,40,247,9465,2687,0.51,5,1
1392,48,629,4190,310,0.72,50,0
1393,54,4609,7509,2499,0.38,18,1
1394,60,1784,6074,1190,0.31,36,1
1395,41,3386,5327,323,0.53,10,1
1396,26,878,8170,2879,0.41,17,1
1397,18,1856,5238,543,0.92,26,0
1398,33,247,418,2923,0.94,13,1
1399,30,1599,4773,4909,0.81,55,1
1400,55,1081,1323,1023,0.97,76,0
1401,39,2575,9532,1711,0.82,64,0
1402,60,3347,2010,3919,0.57,94,1
1403,32,2406,1334,2076,0.7,29,1
1404,41,4837,4542,1690,0.69,95,0
1405,22,729,3687,3173,0.95,12,0
1406,30,2874,1778,4948,0.75,17,1
1407,53,730,7822,2674,0.91,68,0
1408,48,3363,3219,313,0.4,11,1
1409,53,882,8578,1549,0.8,55,0
1410,59,2499,1004,2738,0.92,39,1
1411,44,3135,6813,4326,0.32,29,1
1412,46,4946,2020,2447,0.98,65,1
1413,55,3922,4894,2903,0.55,66,1
1414,48,4099,2551,977,0.33,6,1
1415,18,4194,7493,3299,0.68,30,0
1416,61,1100,3567,315,0.54,18,1
1417,31,2694,2539,3504,0.48,69,1
1418,25,1497,6356,4572,0.68,42,0
1419,21,1635,5490,462,0.94,20,0
1420,31,645,8130,4170,0.47,23,1
1421,34,995,2965,496,0.38,77,1
1422,43,610,1635,2814,0.53,26,1
1423,42,1034,6324,4212,0.62,89,0
1424,25,3447,1177,4971,0.68,67,1
1425,65,1955,1275,1719,0.71,23,1
1426,39,3909,9906,1649,0.77,13,0
1427,31,2950,5968,2877,0.82,25,0
1428,30,1293,2788,2036,0.66,22,0
1429,63,3862,9611,4070,0.63,37,0
1430,34,3217,8084,1137,0.49,71,1
1431,54,1958,8457,4754,0.95,45,0
1432,63,753,7320,2049,0.84,19,0
1433,56,3426,6238,4954,0.74,10,0
1434,64,2253,2665,4516,0.49,92,1
1435,29,2215,2179,959,0.46,92,1
1436,37,3816,2434,2859,0.66,57,1
1437,48,2844,3339,4716,0.36,75,1
1438,29,3776,731,211,0.49,53,1
1439,61,3356,8775,2825,0.3,67,1
1440,41,4695,3884,1098,0.9,15,0
1441,34,3889,5747,4654,0.55,66,1
1442,45,3641,2489,3959,0.54,5,1
1443,36,4679,3139,4856,0.8,46,1
1444,38,2766,3582,3122,0.49,10,1
1445,26,4054,712,3675,0.41,70,1
1446,33,4913,9963,1383,0.59,13,1
1447,25,2053,7733,2685,0.46,88,1
1448,20,1684,9930,457,0.51,29,1
1449,37,4323,7793,4219,0.86,34,0
1450,61,2338,8039,1243,0.7,81,0
1451,31,2699,8633,846,0.32,20,1
1452,39,2415,3973,4864,0.54,71,1
1453,54,4837,1153,2190,0.6,19,1
1454,25,3553,1667,2894,0.96,61,1
1455,37,3221,793,1113,0.61,33,1
1456,32,2899,5901,1024,0.84,95,0
1457,56,2569,507,1059,0.6,35,1
1458,65,679,5073,3345,0.62,53,0
1459,48,883,7581,343,0.68,31,0
1460,35,3665,8333,2744,0.31,82,1
1461,63,3324,4380,988,0.48,49,1
1462,31,3680,5754,4278,0.45,58,1
1463,57,3919,7810,2768,0.89,5,0
1464,37,560,2375,3163,0.81,70,1
1465,22,2803,407,751,0.96,26,1
1466,51,2142,3173,2112,0.99,40,0
1467,18,4919,9415,3312,0.77,96,0
1468,33,3716,8632,32,0.87,30,0
1469,55,909,9712,2908,0.72,52,0
1470,18,3143,6357,3766,0.41,31,1
1471,18,3138,6899,4236,0.8,77,0
1472,20,3045,903,1807,0.46,6,1
1473,60,1111,1990,2462,0.51,13,1
1474,33,2632,7069,1973,0.54,24,1
1475,39,3162,8023,1949,0.83,79,0
1476,38,2056,5110,4354,0.38,68,1
1477,25,2317,1862,4977,0.33,22,1
1478,65,4867,757,694,0.42,72,1
1479,34,4882,4984,2492,0.44,93,1
1480,47,3088,206,4637,0.48,32,1
1481,46,4596,535,879,0.83,20,1
1482,39,2421,7444,4475,0.72,53,0
1483,41,4234,7932,14,0.61,59,0
1484,25,4940,1967,4969,0.44,81,1
1485,56,2982,3606,4290,0.53,6,1
1486,39,3588,2783,4765,0.89,42,1
1487,50,1469,6359,742,0.61,91,0
1488,25,2953,2265,4384,0.87,48,1
1489,52,1470,3649,1394,0.8,28,0
1490,58,3853,824,1874,0.67,76,1
1491,51,4507,2691,22,0.55,63,1
1492,21,1240,4869,915,0.36,12,1
1493,43,2693,9363,858,0.71,31,0
1494,59,935,9760,4845,0.8,5,0
1495,28,2390,1342,4875,0.64,77,1
1496,22,1819,1796,1556,0.63,66,0
1497,34,987,7966,2827,0.89,100,0
1498,50,4531,2283,3406,0.89,28,1
1499,23,1026,159,4790,0.87,7,1
1500,51,3157,4594,3471,0.84,96,0
1501,51,1491,5207,3101,0.88,96,0
1502,39,987,7198,2712,0.31,58,1
1503,22,3239,4102,561,0.9,10,0
1504,42,4146,393,1077,0.83,60,1
1505,61,1607,3067,3857,0.39,46,1
1506,60,4531,6081,117,0.66,51,0
1507,43,417,4241,2902,0.4,42,1
1508,51,4282,7866,450,0.52,91,1
1509,59,2101,3300,297,0.82,78,0
1510,64,777,6852,3318,0.45,5,1
1511,62,1727,542,2132,0.66,51,1
1512,27,767,1767,2015,0.51,79,1
1513,36,2234,8720,3435,0.45,38,1
1514,46,1477,1008,3753,0.42,5,1
1515,45,4168,8675,1790,0.68,43,0
1516,56,4565,3806,2800,0.96,81,0
1517,28,402,3570,4922,0.59,97,1
1518,41,4024,1673,1520,0.8,60,0
1519,40,3327,4778,328,0.41,59,1
1520,39,1197,2755,2521,0.62,55,0
1521,44,974,9672,918,0.34,33,1
1522,35,4135,305,741,0.97,47,1
1523,21,892,3708,4818,0.64,40,1
1524,56,1639,7631,1582,0.55,57,1
1525,53,2613,558,710,0.85,46,1
1526,64,671,7640,2252,0.77,72,0
1527,35,3870,6897,2511,0.85,54,0
1528,20,3235,2723,4353,0.86,9,1
1529,24,4223,8748,1129,0.85,56,0
1530,40,4427,7442,1539,0.68,52,0
1531,24,3084,2570,969,0.89,48,0
1532,44,2756,2411,3993,0.79,6,1
1533,32,1804,1414,3200,0.35,10,1
1534,37,3558,7775,3895,0.63,100,0
1535,18,1680,9655,794,0.75,69,0
1536,45,3499,6546,4097,0.77,36,0
1537,43,1789,7727,788,0.54,87,1
1538,25,1516,944,4721,0.72,26,1
1539,56,1929,2428,4702,0.67,85,1
1540,25,4973,8062,2128,0.69,5,0
1541,23,3207,1235,797,0.32,39,1
1542,47,1612,3431,2910,0.52,85,1
1543,36,4759,4398,431,0.4,66,1
1544,20,2041,6067,3159,0.9,82,0
1545,22,1712,9633,4694,0.65,8,0
1546,41,2769,5266,2994,0.71,19,0
1547,42,3549,9369,3208,0.84,63,0
1548,62,2924,6195,1939,0.81,88,0
1549,39,3091,8890,2544,0.5,33,1
1550,48,3309,1181,1630,0.58,46,1
1551,18,2516,8341,2179,0.85,76,0
1552,53,212,5456,3819,0.68,40,0
1553,33,757,3586,4692,0.44,77,1
1554,32,1725,1227,4057,0.54,80,1
1555,57,3676,9018,995,0.82,74,0
1556,58,2130,3655,3880,0.85,9,1
1557,25,3740,1471,422,0.69,22,0
1558,55,4522,181,3164,0.96,40,1
1559,58,3978,9744,4553,0.9,63,0
1560,62,1166,8387,305,0.88,21,0
1561,54,3116,2560,3950,0.5,81,1
1562,36,3511,1480,4978,0.43,14,1
1563,64,2782,1971,1153,0.32,65,1
1564,56,1185,8115,3297,0.85,76,0
1565,50,1224,3831,2756,0.71,35,0
1566,51,1205,803,2189,0.85,34,1
1567,60,2369,6748,4028,0.44,69,1
1568,23,3660,6217,2511,0.93,100,0
1569,56,2652,4866,874,0.78,61,0
1570,50,3336,1638,4986,0.88,42,1
1571,49,1545,5749,3015,0.52,81,1
1572,50,656,8539,1030,0.97,50,0
1573,27,2781,154,1801,0.67,17,1
1574,35,2216,1792,4736,0.97,76,1
1575,47,320,9445,1000,0.83,79,0
1576,20,654,8019,2736,0.7,30,0
1577,50,4232,9799,4862,0.96,10,0
1578,50,1259,1127,2938,0.78,46,1
1579,53,2626,7908,1900,0.52,85,1
1580,39,2504,6378,537,0.67,38,0
1581,21,3674,9053,371,0.99,92,0
1582,34,4404,275,1239,0.31,22,1
1583,47,4862,7026,1677,0.85,38,0
1584,60,2933,3495,1640,0.98,70,0
1585,32,376,937,3456,0.47,69,1
1586,26,1491,8312,2154,0.53,91,1
1587,34,2177,8042,2349,0.93,74,0
1588,42,2169,7893,1382,0.68,41,0
1589,28,2369,8397,1361,0.56,60,1
1590,35,3316,2534,1408,0.97,78,0
1591,65,4134,3576,3462,0.96,25,0
1592,43,4143,4001,769,0.98,98,0
1593,53,1087,3650,3101,0.78,5,0
1594,36,738,1057,1517,0.88,88,1
1595,61,2826,6393,1814,0.8,17,0
1596,27,817,6224,322,0.74,52,0
1597,19,2027,9458,1316,0.3,81,1
1598,35,1366,8366,3301,0.35,55,1
1599,44,1671,6554,530,0.74,83,0
1600,54,360,4015,4016,0.72,52,1
1601,61,595,1060,909,0.89,35,0
1602,22,4601,8067,4553,0.4,74,1
1603,43,1569,9769,2494,0.75,51,0
1604,29,2859,566,1064,0.58,70,1
1605,62,2989,1272,3445,0.61,55,1
1606,32,4969,9457,1517,0.75,65,0
1607,29,2599,9659,2748,0.63,45,0
1608,52,3978,5491,3127,0.37,28,1
1609,22,2625,2477,563,0.53,25,1
1610,45,2468,6517,2634,0.85,45,0
1611,21,2088,7918,1347,0.55,23,1
1612,48,1343,759,2980,0.74,44,1
1613,52,4345,8177,4713,0.71,86,0
1614,51,1399,3484,3181,0.69,77,0
1615,44,4144,9816,1474,0.35,91,1
1616,43,2557,8122,3276,0.31,27,1
1617,28,3173,1396,1446,0.92,58,1
1618,50,1464,3070,2289,0.42,17,1
1619,42,3871,7343,3048,0.68,46,0
1620,26,4152,2402,2141,0.85,31,0
1621,39,2394,3977,800,0.74,38,0
1622,53,1450,8975,3389,0.78,88,0
1623,25,686,5227,3864,0.6,28,0
1624,50,2800,3280,562,0.8,46,0
1625,47,4491,3949,957,0.32,62,1
1626,34,1688,8095,4388,0.98,77,0
1627,42,3452,1865,679,0.39,82,1
1628,31,3857,260,3542,0.75,29,1
1629,61,1436,8224,1341,0.86,41,0
1630,61,3364,475,2182,0.73,72,1
1631,50,1264,6029,236,0.31,54,1
1632,18,3234,2012,4384,0.75,16,1
1633,50,2230,8573,2790,0.93,29,0
1634,24,2808,7951,4707,0.63,39,0
1635,48,780,7689,4138,0.63,25,0
1636,31,4804,9566,1799,0.93,16,0
1637,33,1572,7832,4178,0.98,28,0
1638,52,3478,2593,2025,0.45,95,1
1639,46,3510,5263,3355,0.6,70,0
1640,20,3694,8637,4666,0.9,89,0
1641,40,3207,8983,925,0.34,71,1
1642,61,2576,6557,2780,0.87,79,0
1643,36,404,5717,1943,0.33,74,1
1644,40,1457,8823,134,0.78,47,0
1645,61,2964,8910,2817,0.31,69,1
1646,60,908,3482,2903,0.69,89,0
1647,50,1862,6904,4892,0.32,14,1
1648,23,3303,6414,4970,0.31,73,1
1649,46,1907,4272,1383,0.56,19,1
1650,44,1736,3442,3923,0.48,70,1
1651,62,4680,345,1795,0.54,68,1
1652,53,4977,111,1991,0.58,25,1
1653,21,2481,3961,1030,0.45,56,1
1654,57,1535,9515,4439,0.85,46,0
1655,39,2754,7175,3273,0.97,62,0
1656,61,2244,6644,1813,0.33,87,1
1657,26,1162,5306,3086,0.58,62,1
1658,34,4637,9041,1093,0.98,59,0
1659,18,3772,3667,3966,0.51,58,1
1660,29,4254,1390,1590,0.96,33,1
1661,59,4131,9944,4262,0.66,19,0
1662,28,1643,7902,4407,0.56,83,1
1663,36,1730,6069,297,0.97,41,0
1664,57,3433,4799,4269,0.44,98,1
1665,28,384,608,815,0.98,75,1
1666,41,699,8129,2445,0.56,47,1
1667,58,969,4061,85,0.88,32,0
1668,54,3958,3135,3111,0.9,76,0
1669,65,2015,2298,4920,0.56,11,1
1670,39,985,9583,327,0.6,68,0
1671,50,3839,8854,1779,0.49,50,1
1672,50,795,5904,1668,0.36,40,1
1673,44,4160,2009,840,0.89,7,0
1674,49,952,5740,3827,0.77,27,0
1675,33,4018,8126,4160,0.93,12,0
1676,30,3730,9320,287,0.51,71,1
1677,63,313,3807,1722,0.96,23,0
1678,28,3568,1325,2666,0.71,50,1
1679,39,4419,106,3891,0.77,36,1
1680,62,2644,3819,4046,0.91,55,1
1681,41,2717,8514,3550,0.96,32,0
1682,64,3776,4561,4283,0.35,48,1
1683,27,2889,2650,4042,0.52,76,1
1684,47,2854,2097,4198,0.75,86,1
1685,60,1356,2347,1640,0.42,52,1
1686,64,3462,4456,907,0.53,84,1
1687,21,3357,2914,1276,0.86,48,0
1688,32,3974,4461,4873,0.86,59,1
1689,52,3389,6198,2420,0.43,32,1
1690,18,4788,5833,3444,0.51,62,1
1691,48,3326,3221,3748,0.82,62,1
1692,32,1406,9966,4530,0.83,83,0
1693,30,4840,2020,3267,0.31,8,1
1694,35,2494,4338,2513,0.64,60,0
1695,35,4464,9136,1498,0.39,46,1
1696,65,425,4955,1332,0.62,25,0
1697,58,381,8925,1354,0.74,74,0
1698,57,4165,940,1338,0.74,35,1
1699,53,3934,3295,2748,0.44,60,1
1700,62,2624,3076,3985,0.95,85,1
1701,25,3265,5917,3537,0.62,28,0
1702,20,3469,7201,541,0.45,65,1
1703,37,2781,4979,2610,0.45,43,1
1704,20,2544,5234,862,0.95,55,0
1705,45,1804,5069,1587,0.85,5,0
1706,59,2003,810,1147,0.31,13,1
1707,32,2404,1916,4274,0.47,83,1
1708,54,3098,8659,4176,0.7,86,0
1709,38,1239,6935,579,0.42,16,1
1710,59,2959,5843,746,0.49,78,1
1711,33,2860,4631,3986,0.96,75,0
1712,45,2231,3525,1541,0.85,43,0
1713,48,2896,1756,494,0.79,6,0
1714,47,4324,50,1646,0.34,18,1
1715,21,1104,7599,2023,0.41,67,1
1716,31,2956,6542,4276,0.53,87,1
1717,20,1154,2858,916,0.46,51,1
1718,34,3593,2557,3935,0.72,69,1
1719,33,3463,3588,510,0.95,44,0
1720,60,1473,7740,29,0.71,57,0
1721,27,2881,1916,3808,0.93,11,1
1722,65,3386,9995,1314,0.96,44,0
1723,30,265,7384,2871,0.55,9,1
1724,18,4436,9426,4079,0.4,75,1
1725,64,2684,2240,2847,0.59,19,1
1726,51,4344,6196,1998,0.37,96,1
1727,52,1282,4464,1941,0.4,40,1
1728,24,3986,4633,3908,0.41,34,1
1729,24,2946,9763,1177,0.77,35,0
1730,64,2823,8293,4367,0.61,44,0
1731,25,4556,5913,4575,0.65,20,0
1732,21,513,8356,4982,0.72,12,0
1733,47,1510,4711,2674,0.62,53,0
1734,63,4559,7557,4611,0.59,100,1
1735,53,4058,4044,767,0.48,82,1
1736,58,245,4018,2193,0.33,62,1
1737,58,3755,8535,4889,0.95,78,0
1738,54,2105,6901,4068,0.38,95,1
1739,33,3687,3234,324,0.47,93,1
1740,39,2305,6813,1770,0.4,23,1
1741,23,2026,4755,4531,0.41,18,1
1742,25,3190,9085,4177,0.65,15,0
1743,52,2795,6889,517,0.55,27,1
1744,57,3175,1719,1664,0.86,60,0
1745,37,1948,2640,342,0.34,33,1
1746,34,3212,8364,2109,0.55,30,1
1747,63,3126,5625,672,0.75,74,0
1748,41,2735,834,732,0.59,49,1
1749,65,2597,8564,326,0.48,76,1
1750,28,1108,5753,2120,0.32,19,1
1751,43,4321,6615,825,0.33,51,1
1752,61,3406,8926,4911,0.72,32,0
1753,53,4275,7380,2469,0.73,39,0
1754,29,3861,8557,217,0.56,68,1
1755,48,340,670,3782,0.83,55,1
1756,18,4300,4969,666,0.59,95,1
1757,62,4152,3230,2499,0.77,28,0
1758,64,3479,3675,2794,0.93,29,0
1759,18,2936,5388,4183,0.49,23,1
1760,43,485,9877,2149,0.99,52,0
1761,24,387,3684,2915,0.78,85,0
1762,58,1843,6734,864,0.31,10,1
1763,19,3910,5798,773,0.48,71,1
1764,62,1947,6775,3551,0.49,71,1
1765,51,4318,8306,2542,0.65,25,0
1766,22,3235,79,3000,0.73,11,1
1767,45,936,7210,3015,0.68,100,0
1768,20,1684,5191,4841,0.63,86,0
1769,39,2368,9087,3288,0.87,90,0
1770,21,3959,66,2000,0.87,89,1
1771,50,3209,3667,3008,0.64,62,0
1772,30,4524,2479,4825,0.31,36,1
1773,24,4767,8336,3445,0.9,36,0
1774,43,1381,5079,1991,0.54,31,1
1775,23,3290,9719,652,0.99,99,0
1776,42,1709,1175,999,0.74,78,0
1777,38,2858,8964,2253,0.38,27,1
1778,31,4203,7031,2768,0.32,98,1
1779,65,4547,5780,4439,0.45,23,1
1780,46,292,1246,601,0.99,30,0
1781,49,4611,1758,2927,0.99,87,1
1782,51,599,4321,1775,0.68,49,0
1783,31,3103,5744,4858,0.55,50,1
1784,44,2055,5942,4919,0.39,86,1
1785,29,1306,5387,3916,0.86,75,0
1786,51,2169,8695,208,0.37,87,1
1787,61,2981,9103,1522,0.54,32,1
1788,19,2269,6311,675,0.5,85,1
1789,18,4507,3006,1934,0.98,95,0
1790,49,526,8875,26,0.95,41,0
1791,56,2813,2783,286,0.83,84,0
1792,50,4216,7306,1802,0.63,32,0
1793,50,4007,1871,4937,0.87,9,1
1794,20,650,6895,4702,0.72,44,0
1795,62,4224,7748,426,0.89,53,0
1796,39,3771,691,419,0.59,92,1
1797,24,4616,6017,1437,0.99,78,0
1798,25,3662,5927,4457,0.4,100,1
1799,44,962,9116,3875,0.37,90,1
1800,64,770,4943,2687,0.79,16,0
1801,18,2815,3598,4573,0.89,10,1
1802,28,3832,7380,395,0.8,43,0
1803,29,312,5696,1991,0.5,78,1
1804,20,1800,2863,4409,0.93,13,1
1805,32,3626,7639,3669,0.75,73,0
1806,63,4272,6620,3927,0.64,69,0
1807,26,4547,2682,1750,0.97,81,0
1808,59,2196,3285,4090,0.53,77,1
1809,45,3925,6841,4765,0.91,12,0
1810,63,216,9026,1052,0.88,24,0
1811,31,3522,6382,1048,0.74,94,0
1812,51,777,2574,4068,0.98,32,1
1813,19,3377,9109,4117,0.53,53,1
1814,55,4635,4503,3453,0.81,51,0
1815,48,4484,5794,4139,0.59,49,1
1816,65,3528,1605,2987,0.87,85,1
1817,19,1853,8029,3991,0.87,88,0
1818,29,1269,8199,4107,0.42,18,1
1819,31,3494,4655,3796,0.84,96,0
1820,19,3795,1430,1375,0.89,40,0
1821,42,2716,1048,4194,0.52,75,1
1822,41,633,4405,1987,0.42,70,1
1823,50,2546,5309,2228,0.4,95,1
1824,39,2087,9632,952,0.8,43,0
1825,50,4449,4401,112,0.47,77,1
1826,54,4231,1034,3070,0.44,11,1
1827,56,3717,2288,4586,0.48,34,1
1828,18,1809,1394,3763,0.62,71,1
1829,42,2798,7056,110,0.65,91,0
1830,58,4821,8294,4041,0.46,49,1
1831,40,330,7161,2071,0.97,5,0
1832,41,589,6688,2965,0.65,68,0
1833,21,2483,3805,3685,0.67,85,0
1834,48,3595,7675,1839,0.61,35,0
1835,37,2968,9420,4785,0.39,49,1
1836,24,1936,4220,227,0.61,70,0
1837,59,1282,3969,3216,0.72,7,0
1838,26,340,5717,4744,0.37,43,1
1839,30,4566,8297,2751,0.87,89,0
1840,42,3692,4098,2033,0.49,66,1
1841,30,2879,8034,974,0.99,100,0
1842,39,4247,2601,4403,0.46,24,1
1843,42,1141,4425,620,0.94,94,0
1844,34,323,1852,4319,0.64,65,1
1845,53,1749,4109,450,0.31,62,1
1846,46,1062,8313,3612,0.47,65,1
1847,29,4152,5058,729,0.85,26,0
1848,52,3128,2395,1793,0.59,86,1
1849,59,4317,6820,4766,0.81,45,0
1850,33,1341,7134,3182,0.85,14,0
1851,47,2813,9459,3301,0.64,100,0
1852,37,1991,557,4590,0.31,10,1
1853,56,2858,6145,861,0.6,86,0
1854,63,3054,707,2780,0.76,61,1
1855,45,3867,4064,1240,0.65,37,0
1856,41,2817,9342,2632,0.64,71,0
1857,57,1028,1503,4662,0.46,76,1
1858,49,1058,3727,1764,0.57,43,1
1859,63,1719,8668,2891,0.87,49,0
1860,62,3465,6386,1679,0.39,32,1
1861,30,2291,4258,2369,0.61,79,0
1862,45,1700,8116,384,0.52,38,1
1863,35,315,5968,2007,0.83,91,0
1864,37,3802,4410,2521,0.85,41,0
1865,41,2676,2743,4624,0.77,78,1
1866,28,2043,7628,3797,0.37,78,1
1867,63,3553,532,4278,0.81,86,1
1868,30,3707,540,3571,0.41,63,1
1869,48,602,2629,2836,0.62,46,1
1870,26,2373,8910,818,0.85,45,0
1871,36,1290,7716,4104,0.51,16,1
1872,47,3741,4514,1370,0.9,13,0
1873,32,699,3782,4996,0.85,71,1
1874,39,350,8700,2955,0.6,79,0
1875,49,1804,5156,2859,0.48,77,1
1876,59,1047,8209,312,0.67,39,0
1877,43,345,9864,3722,0.4,55,1
1878,19,2209,880,452,0.92,11,0
1879,28,955,3155,2357,0.5,20,1
1880,47,471,5794,4395,0.54,44,1
1881,36,1443,1008,2953,0.88,35,1
1882,52,4303,5090,2228,0.58,81,1
1883,39,3940,1909,3026,0.55,11,1
1884,22,650,3267,2048,0.88,71,0
1885,55,2669,9338,2256,0.47,78,1
1886,31,2704,9010,2372,0.94,9,0
1887,43,3731,6323,4924,0.54,46,1
1888,32,4638,5629,3131,0.74,21,0
1889,47,2043,1477,3029,0.47,90,1
1890,44,205,4481,2840,0.34,77,1
1891,19,762,3943,2637,0.47,73,1
1892,51,1020,9720,3979,0.58,50,1
1893,24,4658,1410,2624,0.82,47,1
1894,29,1261,4689,1889,0.94,30,0
1895,45,3154,1535,1018,0.47,56,1
1896,43,1149,5261,2168,0.77,96,0
1897,18,1473,7176,3809,0.54,8,1
1898,50,653,3165,1701,0.64,70,0
1899,22,2693,9852,2368,0.86,87,0
1900,39,205,9266,3630,0.81,44,0
1901,26,2661,1005,51,0.32,42,1
1902,64,223,6897,2390,0.67,96,0
1903,49,4765,9058,3185,0.62,42,0
1904,46,2444,1406,2060,0.7,56,1
1905,52,3581,403,2826,0.45,6,1
1906,27,1165,3280,4866,0.37,57,1
1907,52,1932,4799,4405,0.62,92,0
1908,34,1894,3556,4480,0.85,92,1
1909,51,3975,1724,2445,0.73,91,1
1910,29,2138,1120,2293,0.62,7,1
1911,65,3289,2337,4042,0.83,37,1
1912,36,823,6881,4473,0.76,37,0
1913,33,3575,1527,663,0.66,44,0
1914,43,3826,9475,1405,0.77,69,0
1915,54,4039,9669,4096,0.37,8,1
1916,47,2940,2282,4913,0.76,27,1
1917,34,371,5733,2566,0.67,27,0
1918,52,4077,9573,3631,0.59,24,1
1919,52,3676,1475,1324,0.96,81,0
1920,36,2936,3961,3538,0.9,33,0
1921,27,1527,7655,4079,0.85,84,0
1922,21,1713,3572,4370,0.55,25,1
1923,48,4830,7416,1246,0.37,72,1
1924,57,314,5897,3853,0.35,55,1
1925,30,718,795,759,0.3,91,1
1926,28,3168,5790,4125,0.37,99,1
1927,60,4397,2681,2740,0.49,80,1
1928,60,1157,1606,2737,0.32,69,1
1929,20,1464,5700,4108,0.35,96,1
1930,33,2749,5350,1776,0.94,29,0
1931,59,2366,803,2621,0.55,88,1
1932,28,1999,1445,1521,0.66,26,1
1933,38,1394,1388,1206,0.92,45,0
1934,64,2444,8426,4488,0.75,8,0
1935,19,4391,4547,2,0.75,44,0
1936,33,2095,4551,2372,0.61,19,0
1937,64,2569,5088,2913,0.8,45,0
1938,44,2554,8617,2004,0.43,82,1
1939,52,3237,6649,4009,0.81,68,0
1940,58,1071,2203,3718,0.67,56,1
1941,61,2738,6031,4760,0.62,50,0
1942,51,2907,8220,14,0.63,8,0
1943,38,1238,5033,1667,0.91,7,0
1944,23,3763,8103,3192,0.86,31,0
1945,64,1709,670,3842,0.85,42,1
1946,60,1859,4717,1242,0.66,26,0
1947,26,390,5023,1091,0.42,34,1
1948,44,4248,3801,664,0.82,15,0
1949,21,458,8173,2580,0.56,75,1
1950,42,1119,2688,1941,0.66,98,0
1951,46,1214,1017,3561,0.49,39,1
1952,37,2694,7033,221,0.9,92,0
1953,44,2582,4283,1597,0.79,58,0
1954,34,639,6349,1094,0.86,26,0
1955,32,2161,7794,3095,0.63,18,0
1956,60,2235,3786,4880,0.96,92,1
1957,56,863,5271,53,0.68,18,0
1958,45,2222,1738,1344,0.7,12,0
1959,35,2083,2757,2801,0.42,24,1
1960,65,4989,6609,3295,0.53,57,1
1961,32,1117,1609,1773,0.92,33,1
1962,48,1989,6186,2105,0.42,27,1
1963,21,1181,5942,1677,0.63,75,0
1964,47,953,120,3808,0.47,72,1
1965,38,3389,4602,3405,0.32,22,1
1966,59,936,6037,108,0.92,40,0
1967,18,1298,566,369,0.81,18,0
1968,58,1400,1869,1651,0.4,56,1
1969,45,1348,3613,278,0.9,78,0
1970,42,3582,2191,1965,0.45,11,1
1971,35,4427,5374,2848,0.53,64,1
1972,42,2547,2550,317,0.84,61,0
1973,51,3915,8599,2555,0.35,62,1
1974,53,310,3505,2449,0.83,96,0
1975,19,1054,2708,973,0.65,25,0
1976,36,3599,3949,258,0.68,74,0
1977,26,863,5442,2583,0.54,48,1
1978,42,4590,9882,2612,0.62,12,0
1979,61,2241,598,2122,0.53,61,1
1980,35,1578,3152,2611,0.74,19,0
1981,57,665,1644,4513,0.69,53,1
1982,32,650,2778,1170,0.34,49,1
1983,64,1692,4274,4570,0.69,8,1
1984,31,4404,7146,2520,0.94,38,0
1985,28,3483,8499,4521,0.91,82,0
1986,28,3824,804,322,0.35,50,1
1987,50,792,1931,1225,0.72,19,0
1988,53,3704,6694,3312,0.8,28,0
1989,40,4508,4508,2841,0.6,59,0
1990,46,1713,2061,2787,0.89,5,1
1991,45,4211,4446,4096,0.92,22,0
1992,29,2712,5244,2977,0.68,30,0
1993,32,3162,3450,1382,0.86,72,0
1994,24,861,1021,3816,0.89,84,1
1995,29,3631,3798,2486,0.43,67,1
1996,24,1846,7841,369,0.53,33,1
1997,50,1057,8296,4718,0.85,94,0
1998,49,3914,5552,2505,0.77,42,0
1999,53,3295,3852,1377,0.54,83,1
2000,61,3922,6604,4628,0.43,9,1
